customer_id,customer_name,signup_date,segment
1001,Saanvi Singh,2025-01-01,Retail
1002,Atharva Bose,2025-01-08,Direct
1003,Vijay Gupta,2025-01-04,Retail
1004,Shreya Verma,2025-01-19,Retail
1005,Krishna Kumar,2025-01-01,Retail
1006,Rajesh Banerjee,2025-01-08,Retail
1007,Lata Kumar,2025-01-01,Retail
1008,Vijay Das,2025-01-23,Corporate
1009,Karan Trivedi,2025-01-08,Retail
1010,Aarav Pillai,2025-01-09,Retail
1011,Priya Patil,2025-01-26,Retail
1012,Amit Reddy,2025-01-14,Direct
1013,Aanya Pillai,2025-01-05,Corporate
1014,Ishaan Gupta,2025-01-11,Retail
1015,Ishaan Rao,2025-01-13,Retail
1016,Vikram Banerjee,2025-01-28,Retail
1017,Aditya Bose,2025-01-09,Retail
1018,Vijay Patel,2025-01-15,Retail
1019,Rohan Gupta,2025-01-30,Retail
1020,Kiara Saxena,2025-01-18,Retail
1021,Rekha Grover,2025-01-21,Retail
1022,Sanjay Trivedi,2025-01-28,Retail
1023,Arjun Verma,2025-01-07,Retail
1024,Pihu Pillai,2025-01-22,Retail
1025,Krishna Roy,2025-01-10,Retail
1026,Ishaan Choudhury,2025-01-08,Corporate
1027,Deepak Deshmukh,2025-01-09,Retail
1028,Sanjay Joshi,2025-01-27,Retail
1029,Vikram Kumar,2025-01-12,Retail
1030,Saanvi Patil,2025-01-22,Retail
1031,Arjun Banerjee,2025-01-30,Retail
1032,Priya Yadav,2025-01-21,Retail
1033,Prisha Joshi,2025-01-24,Retail
1034,Rohan Reddy,2025-01-15,Direct
1035,Lata Singh,2025-01-30,Direct
1036,Rahul Saxena,2025-01-22,Corporate
1037,Sai Singh,2025-01-25,Retail
1038,Aditya Shetty,2025-01-27,Retail
1039,Neha Reddy,2025-01-11,Retail
1040,Aanya Kapoor,2025-01-03,Retail
1041,Ramesh Grover,2025-01-31,Retail
1042,Rahul Kumar,2025-01-23,Retail
1043,Sunita Choudhury,2025-01-21,Retail
1044,Deepak Mehta,2025-01-29,Corporate
1045,Atharva Singh,2025-01-09,Retail
1046,Lata Yadav,2025-01-24,Retail
1047,Kiran Das,2025-01-09,Retail
1048,Kiran Choudhury,2025-01-29,Retail
1049,Pihu Mehta,2025-01-12,Retail
1050,Sunita Gupta,2025-01-17,Retail
1051,Sai Roy,2025-01-25,Direct
1052,Kabir Deshmukh,2025-01-04,Corporate
1053,Shreya Banerjee,2025-01-06,Direct
1054,Rohan Choudhury,2025-01-03,Corporate
1055,Deepak Pandey,2025-01-20,Retail
1056,Lata Roy,2025-01-09,Corporate
1057,Aarav Kulkarni,2025-01-31,Retail
1058,Shaurya Kulkarni,2025-01-24,Retail
1059,Vijay Pillai,2025-01-29,Retail
1060,Amit Patel,2025-01-09,Retail
1061,Shreya Joshi,2025-01-10,Retail
1062,Aarav Bose,2025-01-15,Retail
1063,Aadhya Pandey,2025-01-29,Corporate
1064,Ananya Pandey,2025-01-25,Retail
1065,Ishaan Roy,2025-01-30,Retail
1066,Meera Saxena,2025-01-21,Retail
1067,Rajesh Banerjee,2025-01-21,Retail
1068,Kabir Rao,2025-01-07,Corporate
1069,Priya Yadav,2025-01-25,Retail
1070,Geeta Kapoor,2025-01-31,Direct
1071,Suresh Iyer,2025-01-01,Corporate
1072,Vihaan Patel,2025-01-16,Retail
1073,Sanjay Grover,2025-01-30,Retail
1074,Meera Singh,2025-01-27,Corporate
1075,Krishna Gupta,2025-02-19,Retail
1076,Sunita Saxena,2025-02-24,Retail
1077,Vijay Pillai,2025-02-03,Corporate
1078,Atharva Kulkarni,2025-02-05,Retail
1079,Lata Joshi,2025-02-16,Retail
1080,Geeta Roy,2025-02-09,Retail
1081,Shreya Kumar,2025-02-20,Corporate
1082,Diya Patil,2025-02-18,Retail
1083,Neha Kulkarni,2025-02-10,Retail
1084,Sanjay Sen,2025-02-21,Retail
1085,Karan Patel,2025-02-17,Retail
1086,Pihu Gupta,2025-02-08,Retail
1087,Vihaan Trivedi,2025-02-11,Retail
1088,Pihu Trivedi,2025-02-18,Retail
1089,Aarav Gupta,2025-02-08,Corporate
1090,Sai Singh,2025-02-23,Retail
1091,Aditya Roy,2025-02-03,Retail
1092,Arjun Pandey,2025-02-11,Retail
1093,Saanvi Kulkarni,2025-02-08,Corporate
1094,Aanya Yadav,2025-02-16,Retail
1095,Ramesh Trivedi,2025-02-05,Corporate
1096,Prisha Shetty,2025-02-16,Retail
1097,Pooja Kumar,2025-02-16,Retail
1098,Ishaan Kulkarni,2025-02-04,Retail
1099,Vikram Das,2025-02-14,Retail
1100,Deepak Roy,2025-02-14,Retail
1101,Sai Kulkarni,2025-02-24,Retail
1102,Ishaan Verma,2025-02-21,Retail
1103,Amit Shetty,2025-02-13,Retail
1104,Ishaan Singh,2025-02-28,Retail
1105,Diya Yadav,2025-02-07,Corporate
1106,Atharva Das,2025-02-15,Retail
1107,Saanvi Sen,2025-02-06,Retail
1108,Arjun Sen,2025-02-08,Corporate
1109,Lata Patel,2025-02-26,Retail
1110,Vijay Saxena,2025-02-02,Retail
1111,Krishna Kapoor,2025-02-01,Retail
1112,Prisha Joshi,2025-02-25,Retail
1113,Sunita Mishra,2025-02-14,Corporate
1114,Neha Grover,2025-02-07,Corporate
1115,Priya Choudhury,2025-02-02,Retail
1116,Rohan Reddy,2025-02-01,Corporate
1117,Deepak Nair,2025-02-26,Corporate
1118,Lata Kulkarni,2025-02-14,Retail
1119,Sunita Mehta,2025-02-23,Corporate
1120,Kiara Kumar,2025-02-07,Retail
1121,Kiran Bose,2025-02-02,Corporate
1122,Sai Bose,2025-02-18,Corporate
1123,Sai Verma,2025-02-11,Retail
1124,Anil Pandey,2025-02-19,Retail
1125,Geeta Joshi,2025-02-28,Retail
1126,Rajesh Gupta,2025-02-02,Retail
1127,Ananya Gupta,2025-02-28,Corporate
1128,Arjun Kulkarni,2025-02-20,Corporate
1129,Prisha Choudhury,2025-02-28,Retail
1130,Ramesh Singh,2025-02-04,Retail
1131,Suresh Verma,2025-02-19,Retail
1132,Krishna Das,2025-02-20,Retail
1133,Kiran Trivedi,2025-02-22,Retail
1134,Rahul Kapoor,2025-02-17,Retail
1135,Aanya Kulkarni,2025-02-09,Direct
1136,Rahul Singh,2025-02-23,Retail
1137,Neha Mehta,2025-02-09,Retail
1138,Meera Sen,2025-02-22,Retail
1139,Arjun Sharma,2025-03-25,Retail
1140,Rekha Trivedi,2025-03-15,Direct
1141,Arjun Yadav,2025-03-04,Direct
1142,Rajesh Reddy,2025-03-07,Retail
1143,Vikram Grover,2025-03-05,Retail
1144,Prisha Rao,2025-03-03,Retail
1145,Priya Sen,2025-03-10,Retail
1146,Vijay Patil,2025-03-27,Retail
1147,Rekha Shetty,2025-03-10,Retail
1148,Geeta Sharma,2025-03-21,Retail
1149,Lata Nair,2025-03-22,Retail
1150,Ishaan Grover,2025-03-30,Retail
1151,Aadhya Patel,2025-03-05,Corporate
1152,Ishaan Bose,2025-03-29,Retail
1153,Kabir Reddy,2025-03-18,Retail
1154,Suresh Kumar,2025-03-10,Retail
1155,Amit Kumar,2025-03-23,Direct
1156,Aadhya Pandey,2025-03-22,Retail
1157,Aadhya Grover,2025-03-16,Retail
1158,Sai Gupta,2025-03-30,Corporate
1159,Shreya Saxena,2025-03-21,Retail
1160,Aditya Sharma,2025-03-09,Retail
1161,Atharva Deshmukh,2025-03-11,Retail
1162,Priya Bose,2025-03-09,Retail
1163,Lata Patil,2025-03-15,Retail
1164,Lata Sharma,2025-03-14,Retail
1165,Arjun Grover,2025-03-04,Retail
1166,Kabir Yadav,2025-03-23,Corporate
1167,Sanjay Trivedi,2025-03-02,Retail
1168,Kabir Das,2025-03-18,Retail
1169,Aditya Nair,2025-03-05,Retail
1170,Aditya Grover,2025-03-12,Retail
1171,Aanya Kulkarni,2025-03-12,Retail
1172,Ishaan Rao,2025-03-08,Retail
1173,Lata Grover,2025-03-25,Retail
1174,Pooja Banerjee,2025-03-28,Retail
1175,Kabir Kapoor,2025-03-24,Retail
1176,Prisha Roy,2025-03-30,Retail
1177,Ananya Grover,2025-03-06,Retail
1178,Vihaan Joshi,2025-03-14,Retail
1179,Amit Shetty,2025-03-24,Direct
1180,Pooja Shetty,2025-03-30,Retail
1181,Prisha Reddy,2025-03-22,Retail
1182,Ishaan Choudhury,2025-03-06,Retail
1183,Aditya Roy,2025-03-28,Corporate
1184,Pihu Kumar,2025-03-16,Corporate
1185,Deepak Rao,2025-03-27,Retail
1186,Pihu Singh,2025-03-10,Retail
1187,Diya Choudhury,2025-03-01,Corporate
1188,Saanvi Roy,2025-03-11,Retail
1189,Saanvi Rao,2025-03-03,Retail
1190,Rajesh Choudhury,2025-03-21,Retail
1191,Vijay Iyer,2025-03-22,Retail
1192,Vihaan Patel,2025-03-31,Corporate
1193,Aadhya Joshi,2025-03-29,Corporate
1194,Aadhya Verma,2025-03-19,Retail
1195,Suresh Das,2025-03-04,Retail
1196,Rahul Das,2025-03-12,Retail
1197,Rajesh Patel,2025-03-20,Retail
1198,Ramesh Kumar,2025-03-13,Corporate
1199,Aditya Patil,2025-03-09,Corporate
1200,Aarav Pandey,2025-03-14,Corporate
1201,Vijay Kulkarni,2025-03-30,Retail
1202,Diya Rao,2025-03-24,Retail
1203,Arjun Kulkarni,2025-03-14,Retail
1204,Amit Banerjee,2025-03-30,Corporate
1205,Shaurya Bose,2025-03-11,Retail
1206,Meera Pandey,2025-03-29,Retail
1207,Pooja Iyer,2025-03-10,Retail
1208,Kiara Yadav,2025-03-13,Retail
1209,Diya Das,2025-03-05,Retail
1210,Rohan Kulkarni,2025-03-22,Retail
1211,Ananya Banerjee,2025-03-24,Retail
1212,Meera Choudhury,2025-03-19,Retail
1213,Aarav Nair,2025-03-18,Retail
1214,Aanya Das,2025-03-10,Retail
1215,Kiran Banerjee,2025-03-26,Retail
1216,Rahul Sen,2025-03-21,Retail
1217,Karan Kulkarni,2025-03-15,Retail
1218,Rajesh Mishra,2025-03-07,Retail
1219,Priya Kulkarni,2025-03-26,Retail
1220,Kiara Pandey,2025-03-03,Corporate
1221,Rekha Iyer,2025-03-22,Retail
1222,Prisha Kulkarni,2025-03-03,Retail
1223,Pihu Shetty,2025-03-10,Retail
1224,Kabir Sharma,2025-03-07,Retail
1225,Prisha Mishra,2025-03-02,Retail
1226,Arjun Sen,2025-03-20,Retail
1227,Ramesh Kumar,2025-03-14,Direct
1228,Rohan Mishra,2025-03-23,Retail
1229,Prisha Mehta,2025-03-13,Corporate
1230,Aarav Grover,2025-03-21,Retail
1231,Ishaan Pillai,2025-03-25,Corporate
1232,Pihu Joshi,2025-03-14,Retail
1233,Geeta Sen,2025-03-26,Retail
1234,Lata Singh,2025-03-02,Retail
1235,Shaurya Sen,2025-03-30,Retail
1236,Deepak Kulkarni,2025-03-05,Retail
1237,Lata Banerjee,2025-03-17,Retail
1238,Karan Banerjee,2025-03-11,Retail
1239,Rajesh Das,2025-03-27,Retail
1240,Lata Sen,2025-03-27,Retail
1241,Priya Bose,2025-03-29,Direct
1242,Anil Sen,2025-03-28,Direct
1243,Saanvi Pillai,2025-04-08,Corporate
1244,Geeta Mishra,2025-04-25,Retail
1245,Prisha Reddy,2025-04-21,Retail
1246,Arjun Patil,2025-04-15,Corporate
1247,Prisha Reddy,2025-04-10,Retail
1248,Rahul Grover,2025-04-11,Direct
1249,Krishna Mehta,2025-04-18,Direct
1250,Pihu Choudhury,2025-04-05,Corporate
1251,Kabir Patil,2025-04-23,Retail
1252,Arjun Das,2025-04-07,Retail
1253,Amit Yadav,2025-04-14,Corporate
1254,Pooja Verma,2025-04-15,Retail
1255,Pooja Choudhury,2025-04-07,Retail
1256,Kiran Patil,2025-04-29,Retail
1257,Ramesh Choudhury,2025-04-01,Direct
1258,Aarav Rao,2025-04-16,Retail
1259,Rohan Roy,2025-04-10,Retail
1260,Pooja Yadav,2025-04-29,Retail
1261,Vijay Shetty,2025-04-24,Retail
1262,Pihu Mishra,2025-04-20,Direct
1263,Saanvi Das,2025-04-08,Retail
1264,Vihaan Choudhury,2025-04-16,Retail
1265,Neha Bose,2025-04-11,Corporate
1266,Deepak Kapoor,2025-04-06,Retail
1267,Rekha Yadav,2025-04-05,Retail
1268,Neha Trivedi,2025-04-01,Retail
1269,Vihaan Gupta,2025-04-19,Retail
1270,Shreya Mehta,2025-04-21,Retail
1271,Deepak Joshi,2025-04-28,Corporate
1272,Aadhya Choudhury,2025-04-02,Corporate
1273,Aanya Sen,2025-04-11,Corporate
1274,Amit Pillai,2025-04-11,Corporate
1275,Rohan Reddy,2025-04-29,Retail
1276,Pooja Reddy,2025-04-25,Retail
1277,Krishna Mishra,2025-04-27,Corporate
1278,Vijay Verma,2025-04-01,Retail
1279,Pihu Deshmukh,2025-04-12,Retail
1280,Aditya Pillai,2025-04-03,Corporate
1281,Prisha Kumar,2025-04-01,Corporate
1282,Vihaan Banerjee,2025-04-27,Retail
1283,Prisha Mehta,2025-04-05,Retail
1284,Shaurya Trivedi,2025-04-16,Retail
1285,Deepak Patil,2025-04-07,Retail
1286,Sanjay Joshi,2025-04-09,Retail
1287,Suresh Bose,2025-04-20,Retail
1288,Shaurya Pillai,2025-04-23,Retail
1289,Priya Nair,2025-04-27,Retail
1290,Kiran Sharma,2025-04-04,Retail
1291,Meera Trivedi,2025-04-30,Retail
1292,Rohan Choudhury,2025-04-22,Retail
1293,Diya Gupta,2025-04-23,Corporate
1294,Prisha Patel,2025-04-19,Retail
1295,Meera Roy,2025-04-23,Retail
1296,Suresh Shetty,2025-04-22,Retail
1297,Ramesh Shetty,2025-04-04,Corporate
1298,Vikram Yadav,2025-04-02,Retail
1299,Sanjay Gupta,2025-04-14,Retail
1300,Amit Sharma,2025-04-17,Retail
1301,Pooja Saxena,2025-04-28,Retail
1302,Ishaan Das,2025-04-16,Retail
1303,Deepak Patil,2025-04-12,Retail
1304,Shreya Joshi,2025-04-05,Retail
1305,Geeta Deshmukh,2025-04-24,Retail
1306,Rekha Shetty,2025-04-09,Direct
1307,Vijay Pillai,2025-04-30,Retail
1308,Deepak Das,2025-04-16,Retail
1309,Kiran Reddy,2025-04-27,Corporate
1310,Prisha Saxena,2025-04-11,Retail
1311,Krishna Reddy,2025-04-30,Retail
1312,Karan Singh,2025-04-29,Retail
1313,Deepak Trivedi,2025-04-25,Retail
1314,Rohan Iyer,2025-04-20,Direct
1315,Sunita Roy,2025-04-01,Corporate
1316,Ananya Mishra,2025-04-11,Retail
1317,Vikram Shetty,2025-04-07,Retail
1318,Amit Reddy,2025-04-09,Retail
1319,Suresh Patil,2025-04-29,Retail
1320,Saanvi Yadav,2025-04-29,Retail
1321,Geeta Kumar,2025-04-01,Retail
1322,Prisha Bose,2025-04-03,Retail
1323,Sunita Yadav,2025-04-14,Retail
1324,Prisha Patil,2025-04-25,Retail
1325,Sunita Sen,2025-04-16,Direct
1326,Vihaan Gupta,2025-04-26,Retail
1327,Pihu Choudhury,2025-04-10,Retail
1328,Prisha Nair,2025-04-23,Retail
1329,Kiran Rao,2025-04-22,Retail
1330,Lata Pandey,2025-04-16,Retail
1331,Shreya Bose,2025-04-12,Retail
1332,Amit Rao,2025-04-18,Corporate
1333,Deepak Reddy,2025-04-23,Retail
1334,Aadhya Singh,2025-04-10,Retail
1335,Diya Iyer,2025-04-04,Retail
1336,Vijay Pillai,2025-04-04,Retail
1337,Ananya Kumar,2025-04-23,Corporate
1338,Anil Reddy,2025-04-07,Retail
1339,Kiran Pillai,2025-04-24,Retail
1340,Suresh Nair,2025-04-17,Retail
1341,Diya Nair,2025-04-04,Retail
1342,Sanjay Joshi,2025-04-08,Retail
1343,Aarav Patil,2025-04-10,Retail
1344,Atharva Reddy,2025-04-18,Retail
1345,Sai Yadav,2025-04-02,Retail
1346,Atharva Deshmukh,2025-05-31,Retail
1347,Sunita Patel,2025-05-28,Retail
1348,Aarav Trivedi,2025-05-28,Retail
1349,Anil Mishra,2025-05-10,Retail
1350,Amit Joshi,2025-05-15,Retail
1351,Sai Reddy,2025-05-31,Retail
1352,Anil Patel,2025-05-31,Corporate
1353,Arjun Choudhury,2025-05-27,Retail
1354,Arjun Trivedi,2025-05-16,Retail
1355,Sai Mehta,2025-05-21,Retail
1356,Ramesh Nair,2025-05-05,Retail
1357,Prisha Patel,2025-05-03,Retail
1358,Pooja Banerjee,2025-05-18,Retail
1359,Rekha Singh,2025-05-20,Direct
1360,Geeta Choudhury,2025-05-25,Retail
1361,Karan Nair,2025-05-15,Retail
1362,Kiran Das,2025-05-28,Retail
1363,Ramesh Banerjee,2025-05-10,Retail
1364,Rekha Bose,2025-05-02,Retail
1365,Aanya Deshmukh,2025-05-04,Direct
1366,Aadhya Kulkarni,2025-05-07,Retail
1367,Priya Singh,2025-05-03,Direct
1368,Lata Gupta,2025-05-06,Corporate
1369,Aarav Das,2025-05-06,Retail
1370,Suresh Mishra,2025-05-15,Retail
1371,Aditya Singh,2025-05-10,Retail
1372,Kiara Patil,2025-05-10,Retail
1373,Deepak Gupta,2025-05-28,Retail
1374,Pihu Kapoor,2025-05-22,Retail
1375,Kiran Kulkarni,2025-05-09,Retail
1376,Diya Das,2025-05-26,Retail
1377,Vijay Singh,2025-05-04,Corporate
1378,Kabir Kapoor,2025-05-21,Retail
1379,Kabir Gupta,2025-05-09,Corporate
1380,Priya Shetty,2025-05-02,Retail
1381,Suresh Bose,2025-05-10,Retail
1382,Ramesh Kapoor,2025-05-27,Retail
1383,Karan Patel,2025-05-10,Retail
1384,Meera Patil,2025-05-15,Corporate
1385,Saanvi Pandey,2025-05-13,Retail
1386,Sunita Sen,2025-05-18,Corporate
1387,Suresh Verma,2025-05-03,Retail
1388,Shreya Bose,2025-05-29,Retail
1389,Suresh Reddy,2025-05-11,Corporate
1390,Krishna Singh,2025-05-01,Corporate
1391,Ramesh Trivedi,2025-05-31,Direct
1392,Vihaan Pillai,2025-05-31,Retail
1393,Saanvi Trivedi,2025-05-22,Retail
1394,Ananya Mishra,2025-05-02,Corporate
1395,Karan Kapoor,2025-05-17,Retail
1396,Ananya Trivedi,2025-05-09,Direct
1397,Sunita Gupta,2025-05-14,Corporate
1398,Vikram Das,2025-05-16,Retail
1399,Rahul Kulkarni,2025-05-11,Corporate
1400,Priya Iyer,2025-05-04,Corporate
1401,Sunita Nair,2025-05-14,Retail
1402,Neha Saxena,2025-05-22,Corporate
1403,Lata Verma,2025-05-25,Retail
1404,Krishna Iyer,2025-05-15,Corporate
1405,Rahul Patel,2025-05-09,Retail
1406,Neha Roy,2025-05-25,Corporate
1407,Aarav Kulkarni,2025-05-17,Retail
1408,Vijay Sen,2025-05-28,Retail
1409,Sai Kumar,2025-05-14,Corporate
1410,Sanjay Banerjee,2025-05-17,Retail
1411,Sunita Deshmukh,2025-05-25,Retail
1412,Sai Kumar,2025-05-15,Direct
1413,Lata Mehta,2025-05-09,Direct
1414,Kiara Sen,2025-05-30,Retail
1415,Sunita Patel,2025-05-29,Retail
1416,Suresh Shetty,2025-05-01,Retail
1417,Priya Nair,2025-05-08,Retail
1418,Aarav Yadav,2025-05-18,Retail
1419,Krishna Singh,2025-05-14,Retail
1420,Shaurya Sen,2025-05-27,Corporate
1421,Shaurya Deshmukh,2025-05-31,Corporate
1422,Kabir Mishra,2025-05-27,Corporate
1423,Kiara Pandey,2025-05-30,Retail
1424,Saanvi Das,2025-05-23,Retail
1425,Anil Mishra,2025-05-27,Retail
1426,Deepak Yadav,2025-05-08,Retail
1427,Rohan Kumar,2025-05-05,Retail
1428,Suresh Pandey,2025-05-30,Corporate
1429,Atharva Roy,2025-05-24,Retail
1430,Saanvi Pillai,2025-05-03,Retail
1431,Pooja Iyer,2025-05-26,Retail
1432,Saanvi Saxena,2025-06-17,Corporate
1433,Kiara Bose,2025-06-01,Retail
1434,Kiran Trivedi,2025-06-10,Retail
1435,Sunita Roy,2025-06-22,Retail
1436,Karan Yadav,2025-06-05,Retail
1437,Vikram Iyer,2025-06-16,Retail
1438,Vijay Choudhury,2025-06-18,Corporate
1439,Rahul Roy,2025-06-15,Retail
1440,Prisha Trivedi,2025-06-07,Retail
1441,Pihu Roy,2025-06-13,Retail
1442,Pooja Verma,2025-06-25,Direct
1443,Anil Patil,2025-06-11,Retail
1444,Rohan Choudhury,2025-06-30,Retail
1445,Kabir Mishra,2025-06-22,Corporate
1446,Atharva Pandey,2025-06-02,Direct
1447,Amit Roy,2025-06-19,Direct
1448,Karan Patel,2025-06-04,Corporate
1449,Deepak Sharma,2025-06-17,Retail
1450,Kabir Das,2025-06-24,Retail
1451,Kabir Gupta,2025-06-28,Corporate
1452,Aadhya Iyer,2025-06-16,Retail
1453,Neha Deshmukh,2025-06-20,Retail
1454,Amit Roy,2025-06-03,Corporate
1455,Vijay Choudhury,2025-06-22,Retail
1456,Sunita Roy,2025-06-11,Retail
1457,Aditya Banerjee,2025-06-18,Retail
1458,Prisha Deshmukh,2025-06-03,Retail
1459,Kiara Singh,2025-06-22,Retail
1460,Krishna Das,2025-06-24,Retail
1461,Ishaan Sen,2025-06-04,Retail
1462,Meera Grover,2025-06-06,Retail
1463,Aditya Iyer,2025-06-01,Retail
1464,Sai Nair,2025-06-26,Retail
1465,Sanjay Das,2025-06-12,Direct
1466,Prisha Pandey,2025-06-05,Retail
1467,Ramesh Kulkarni,2025-06-14,Retail
1468,Ananya Joshi,2025-06-26,Corporate
1469,Krishna Banerjee,2025-06-06,Retail
1470,Rohan Banerjee,2025-06-28,Direct
1471,Prisha Mishra,2025-06-22,Retail
1472,Kiran Mehta,2025-06-30,Direct
1473,Deepak Deshmukh,2025-06-08,Retail
1474,Deepak Reddy,2025-06-09,Corporate
1475,Aarav Grover,2025-06-22,Retail
1476,Deepak Grover,2025-06-26,Direct
1477,Vijay Joshi,2025-06-10,Retail
1478,Karan Rao,2025-06-03,Retail
1479,Meera Deshmukh,2025-06-19,Direct
1480,Aadhya Sen,2025-06-14,Retail
1481,Meera Kumar,2025-06-28,Retail
1482,Anil Patel,2025-06-13,Retail
1483,Rohan Trivedi,2025-06-08,Retail
1484,Ramesh Nair,2025-06-12,Retail
1485,Kiara Sharma,2025-06-23,Retail
1486,Neha Reddy,2025-06-27,Corporate
1487,Ramesh Roy,2025-06-01,Retail
1488,Sai Kapoor,2025-06-22,Retail
1489,Sunita Saxena,2025-06-20,Direct
1490,Kiara Pillai,2025-06-29,Corporate
1491,Pihu Banerjee,2025-06-26,Retail
1492,Vikram Singh,2025-06-26,Retail
1493,Diya Banerjee,2025-06-21,Retail
1494,Atharva Deshmukh,2025-06-09,Retail
1495,Aditya Nair,2025-06-04,Retail
1496,Karan Verma,2025-06-26,Retail
1497,Sanjay Bose,2025-06-19,Retail
1498,Krishna Kapoor,2025-06-05,Retail
1499,Rahul Bose,2025-06-10,Direct
1500,Ananya Kumar,2025-06-14,Direct
1501,Vijay Grover,2025-06-05,Retail
1502,Geeta Pandey,2025-06-12,Retail
1503,Saanvi Saxena,2025-06-30,Retail
1504,Aadhya Kapoor,2025-06-06,Corporate
1505,Anil Shetty,2025-06-27,Retail
1506,Amit Shetty,2025-06-10,Retail
1507,Deepak Gupta,2025-06-04,Corporate
1508,Pihu Roy,2025-06-05,Corporate
1509,Neha Roy,2025-06-22,Direct
1510,Lata Rao,2025-06-26,Retail
1511,Neha Sharma,2025-06-03,Retail
1512,Vijay Patel,2025-06-09,Retail
1513,Sanjay Kulkarni,2025-06-15,Direct
1514,Aadhya Trivedi,2025-06-24,Corporate
1515,Sanjay Patel,2025-06-13,Retail
1516,Pihu Mishra,2025-06-22,Retail
1517,Rekha Grover,2025-06-01,Retail
1518,Rahul Kapoor,2025-06-18,Corporate
1519,Pihu Deshmukh,2025-06-20,Direct
1520,Deepak Kapoor,2025-06-03,Retail
1521,Meera Deshmukh,2025-06-23,Retail
1522,Shaurya Mehta,2025-06-14,Retail
1523,Aditya Nair,2025-06-02,Direct
1524,Shaurya Patel,2025-06-16,Corporate
1525,Vijay Mehta,2025-06-08,Corporate
1526,Deepak Rao,2025-06-13,Retail
1527,Vijay Das,2025-06-22,Retail
1528,Kabir Grover,2025-06-19,Retail
1529,Sunita Banerjee,2025-07-04,Retail
1530,Saanvi Verma,2025-07-14,Corporate
1531,Sanjay Kumar,2025-07-23,Corporate
1532,Karan Singh,2025-07-15,Direct
1533,Sanjay Patel,2025-07-28,Direct
1534,Sanjay Yadav,2025-07-22,Retail
1535,Vikram Verma,2025-07-29,Corporate
1536,Saanvi Kumar,2025-07-13,Direct
1537,Shaurya Roy,2025-07-31,Corporate
1538,Deepak Gupta,2025-07-27,Retail
1539,Aanya Deshmukh,2025-07-22,Retail
1540,Suresh Sharma,2025-07-21,Retail
1541,Amit Singh,2025-07-02,Direct
1542,Ramesh Kumar,2025-07-05,Retail
1543,Lata Kumar,2025-07-03,Retail
1544,Aanya Saxena,2025-07-19,Retail
1545,Pihu Iyer,2025-07-28,Retail
1546,Kabir Shetty,2025-07-25,Retail
1547,Suresh Sharma,2025-07-29,Retail
1548,Kabir Mehta,2025-07-09,Retail
1549,Aadhya Shetty,2025-07-18,Retail
1550,Shaurya Kulkarni,2025-07-06,Corporate
1551,Vihaan Mehta,2025-07-28,Retail
1552,Vikram Shetty,2025-07-01,Corporate
1553,Prisha Trivedi,2025-07-26,Retail
1554,Vihaan Joshi,2025-07-11,Retail
1555,Sai Mehta,2025-07-09,Corporate
1556,Pooja Pandey,2025-07-24,Retail
1557,Arjun Mishra,2025-07-04,Retail
1558,Sanjay Pandey,2025-07-15,Retail
1559,Ishaan Sen,2025-07-19,Corporate
1560,Pihu Banerjee,2025-07-17,Retail
1561,Geeta Nair,2025-07-02,Retail
1562,Vihaan Verma,2025-07-15,Retail
1563,Neha Das,2025-07-16,Retail
1564,Ishaan Mishra,2025-07-22,Retail
1565,Karan Gupta,2025-07-23,Retail
1566,Krishna Iyer,2025-07-29,Retail
1567,Kabir Gupta,2025-07-20,Retail
1568,Saanvi Banerjee,2025-07-05,Retail
1569,Kiran Yadav,2025-07-21,Corporate
1570,Rahul Choudhury,2025-07-23,Retail
1571,Geeta Nair,2025-07-20,Retail
1572,Rajesh Banerjee,2025-07-15,Corporate
1573,Ishaan Shetty,2025-07-14,Retail
1574,Shaurya Roy,2025-07-23,Retail
1575,Lata Bose,2025-07-21,Corporate
1576,Aanya Das,2025-07-28,Direct
1577,Pihu Das,2025-07-15,Retail
1578,Deepak Choudhury,2025-07-11,Corporate
1579,Ishaan Iyer,2025-07-14,Retail
1580,Rahul Kulkarni,2025-07-14,Retail
1581,Sanjay Mehta,2025-07-09,Retail
1582,Anil Gupta,2025-07-22,Direct
1583,Krishna Gupta,2025-07-03,Retail
1584,Ishaan Bose,2025-07-14,Retail
1585,Sanjay Shetty,2025-07-24,Retail
1586,Lata Verma,2025-07-05,Retail
1587,Lata Yadav,2025-07-19,Retail
1588,Shaurya Das,2025-07-11,Retail
1589,Shreya Roy,2025-07-12,Retail
1590,Sai Nair,2025-07-30,Retail
1591,Meera Rao,2025-07-20,Retail
1592,Ramesh Pandey,2025-07-04,Retail
1593,Kabir Kulkarni,2025-07-07,Retail
1594,Pihu Roy,2025-07-16,Retail
1595,Vikram Roy,2025-07-04,Corporate
1596,Sanjay Patel,2025-07-18,Retail
1597,Saanvi Trivedi,2025-07-25,Retail
1598,Shreya Roy,2025-07-08,Retail
1599,Rekha Banerjee,2025-07-18,Retail
1600,Lata Sharma,2025-07-22,Retail
1601,Saanvi Sharma,2025-07-20,Retail
1602,Saanvi Patil,2025-07-06,Retail
1603,Meera Kapoor,2025-07-25,Retail
1604,Vikram Sharma,2025-07-11,Retail
1605,Kabir Trivedi,2025-07-06,Retail
1606,Neha Gupta,2025-07-22,Retail
1607,Vihaan Gupta,2025-07-05,Retail
1608,Geeta Kumar,2025-07-24,Retail
1609,Pooja Sen,2025-07-13,Retail
1610,Priya Rao,2025-07-11,Retail
1611,Rahul Pillai,2025-07-10,Retail
1612,Ramesh Banerjee,2025-07-31,Corporate
1613,Sai Mehta,2025-07-03,Retail
1614,Rekha Verma,2025-07-06,Retail
1615,Krishna Reddy,2025-07-22,Corporate
1616,Shreya Mishra,2025-07-15,Corporate
1617,Saanvi Kumar,2025-08-14,Retail
1618,Rajesh Patel,2025-08-25,Retail
1619,Shreya Patel,2025-08-12,Corporate
1620,Kiran Mishra,2025-08-10,Retail
1621,Meera Verma,2025-08-17,Retail
1622,Neha Banerjee,2025-08-08,Retail
1623,Aarav Kumar,2025-08-02,Retail
1624,Aanya Pillai,2025-08-10,Retail
1625,Aadhya Nair,2025-08-05,Retail
1626,Shaurya Sharma,2025-08-11,Retail
1627,Shreya Joshi,2025-08-16,Retail
1628,Rohan Yadav,2025-08-05,Retail
1629,Pihu Pandey,2025-08-23,Retail
1630,Vikram Gupta,2025-08-18,Retail
1631,Aditya Das,2025-08-13,Retail
1632,Deepak Kapoor,2025-08-01,Corporate
1633,Rahul Trivedi,2025-08-03,Retail
1634,Ramesh Choudhury,2025-08-14,Retail
1635,Pooja Nair,2025-08-23,Retail
1636,Neha Sharma,2025-08-04,Retail
1637,Rahul Joshi,2025-08-31,Retail
1638,Rekha Sen,2025-08-26,Retail
1639,Sanjay Gupta,2025-08-27,Retail
1640,Ishaan Singh,2025-08-14,Retail
1641,Kiran Choudhury,2025-08-14,Retail
1642,Krishna Choudhury,2025-08-17,Retail
1643,Meera Bose,2025-08-28,Retail
1644,Pihu Iyer,2025-08-11,Retail
1645,Priya Gupta,2025-08-25,Retail
1646,Shaurya Pandey,2025-08-17,Corporate
1647,Diya Grover,2025-08-17,Retail
1648,Vikram Rao,2025-08-25,Retail
1649,Kabir Singh,2025-08-24,Corporate
1650,Kabir Reddy,2025-08-04,Retail
1651,Ananya Banerjee,2025-08-07,Retail
1652,Arjun Joshi,2025-08-05,Retail
1653,Sunita Sen,2025-08-31,Retail
1654,Ramesh Pillai,2025-08-25,Retail
1655,Karan Kulkarni,2025-08-19,Retail
1656,Ramesh Deshmukh,2025-08-30,Retail
1657,Rekha Iyer,2025-08-21,Retail
1658,Rahul Mehta,2025-08-28,Retail
1659,Arjun Mishra,2025-08-15,Retail
1660,Meera Shetty,2025-08-15,Retail
1661,Kiran Verma,2025-08-09,Retail
1662,Rajesh Gupta,2025-08-12,Direct
1663,Deepak Sen,2025-08-10,Retail
1664,Sai Rao,2025-08-02,Retail
1665,Kiara Gupta,2025-08-27,Retail
1666,Krishna Banerjee,2025-08-21,Retail
1667,Rajesh Choudhury,2025-08-20,Retail
1668,Kiran Yadav,2025-08-15,Retail
1669,Aditya Sen,2025-08-31,Retail
1670,Ramesh Deshmukh,2025-08-30,Retail
1671,Rahul Banerjee,2025-08-07,Retail
1672,Rajesh Mehta,2025-08-16,Corporate
1673,Sai Sen,2025-08-31,Retail
1674,Amit Patil,2025-08-04,Retail
1675,Rajesh Deshmukh,2025-08-03,Retail
1676,Aditya Singh,2025-08-06,Direct
1677,Karan Sen,2025-08-23,Retail
1678,Geeta Banerjee,2025-08-17,Retail
1679,Sanjay Rao,2025-08-06,Direct
1680,Kiara Choudhury,2025-08-30,Corporate
1681,Amit Kulkarni,2025-08-14,Corporate
1682,Sai Shetty,2025-08-20,Retail
1683,Amit Gupta,2025-08-21,Retail
1684,Ishaan Yadav,2025-08-11,Retail
1685,Rohan Nair,2025-08-22,Corporate
1686,Suresh Roy,2025-08-09,Retail
1687,Amit Gupta,2025-08-05,Retail
1688,Kabir Kapoor,2025-08-19,Retail
1689,Meera Deshmukh,2025-08-12,Corporate
1690,Neha Mehta,2025-08-23,Retail
1691,Krishna Nair,2025-08-20,Retail
1692,Rohan Deshmukh,2025-08-18,Retail
1693,Amit Saxena,2025-08-26,Retail
1694,Geeta Gupta,2025-08-05,Retail
1695,Shreya Pandey,2025-08-21,Retail
1696,Vihaan Rao,2025-08-12,Retail
1697,Ananya Kumar,2025-08-10,Retail
1698,Sunita Kumar,2025-08-11,Retail
1699,Atharva Mehta,2025-08-08,Retail
1700,Kiara Roy,2025-08-03,Retail
1701,Ishaan Pandey,2025-08-26,Retail
1702,Vijay Saxena,2025-08-25,Retail
1703,Geeta Verma,2025-08-24,Retail
1704,Amit Grover,2025-08-22,Retail
1705,Rekha Mehta,2025-08-25,Retail
1706,Rohan Mehta,2025-08-20,Direct
1707,Ananya Saxena,2025-08-06,Retail
1708,Priya Bose,2025-09-20,Corporate
1709,Aditya Das,2025-09-15,Retail
1710,Prisha Sen,2025-09-12,Retail
1711,Kiara Pillai,2025-09-20,Corporate
1712,Karan Singh,2025-09-24,Retail
1713,Prisha Nair,2025-09-18,Retail
1714,Anil Grover,2025-09-26,Retail
1715,Diya Rao,2025-09-27,Retail
1716,Ramesh Sen,2025-09-22,Corporate
1717,Kiara Pillai,2025-09-15,Corporate
1718,Rajesh Pandey,2025-09-13,Direct
1719,Priya Saxena,2025-09-14,Retail
1720,Suresh Mehta,2025-09-07,Retail
1721,Aadhya Verma,2025-09-28,Direct
1722,Anil Roy,2025-09-21,Retail
1723,Lata Kapoor,2025-09-12,Retail
1724,Geeta Roy,2025-09-04,Retail
1725,Kiara Gupta,2025-09-04,Retail
1726,Priya Reddy,2025-09-25,Corporate
1727,Rajesh Mehta,2025-09-15,Retail
1728,Shreya Gupta,2025-09-27,Corporate
1729,Pihu Saxena,2025-09-30,Retail
1730,Vikram Kapoor,2025-09-15,Retail
1731,Pooja Verma,2025-09-01,Retail
1732,Rajesh Rao,2025-09-13,Corporate
1733,Rohan Gupta,2025-09-08,Retail
1734,Pihu Sharma,2025-09-12,Retail
1735,Ishaan Saxena,2025-09-11,Retail
1736,Amit Shetty,2025-09-23,Corporate
1737,Atharva Verma,2025-09-05,Retail
1738,Anil Patil,2025-09-10,Corporate
1739,Atharva Pillai,2025-09-27,Retail
1740,Anil Sen,2025-09-23,Retail
1741,Aarav Grover,2025-09-20,Retail
1742,Vihaan Reddy,2025-09-03,Retail
1743,Kabir Yadav,2025-09-07,Retail
1744,Suresh Pandey,2025-09-24,Retail
1745,Shaurya Pillai,2025-09-14,Retail
1746,Prisha Nair,2025-09-10,Corporate
1747,Sai Singh,2025-09-04,Retail
1748,Rekha Sen,2025-09-14,Retail
1749,Shaurya Saxena,2025-09-03,Corporate
1750,Sunita Banerjee,2025-09-29,Retail
1751,Vihaan Deshmukh,2025-09-18,Retail
1752,Ramesh Singh,2025-09-17,Direct
1753,Kabir Nair,2025-09-23,Retail
1754,Aarav Banerjee,2025-09-14,Retail
1755,Prisha Trivedi,2025-09-12,Retail
1756,Ananya Kulkarni,2025-09-14,Corporate
1757,Krishna Pandey,2025-09-22,Retail
1758,Arjun Pandey,2025-09-12,Retail
1759,Rajesh Shetty,2025-09-18,Corporate
1760,Lata Sharma,2025-09-17,Corporate
1761,Anil Verma,2025-09-13,Retail
1762,Rohan Rao,2025-09-21,Retail
1763,Vihaan Rao,2025-09-09,Retail
1764,Arjun Rao,2025-09-26,Retail
1765,Ishaan Pillai,2025-09-08,Retail
1766,Amit Mehta,2025-09-19,Retail
1767,Vikram Yadav,2025-09-02,Corporate
1768,Ananya Saxena,2025-09-11,Corporate
1769,Deepak Patil,2025-09-25,Retail
1770,Ananya Shetty,2025-09-16,Corporate
1771,Arjun Patil,2025-09-05,Retail
1772,Deepak Verma,2025-09-25,Corporate
1773,Diya Verma,2025-09-10,Retail
1774,Diya Grover,2025-09-26,Retail
1775,Rahul Kapoor,2025-09-02,Corporate
1776,Rajesh Choudhury,2025-09-10,Retail
1777,Vijay Mishra,2025-09-27,Retail
1778,Aditya Pillai,2025-09-09,Retail
1779,Diya Nair,2025-09-21,Retail
1780,Sai Roy,2025-09-12,Retail
1781,Amit Reddy,2025-09-21,Retail
1782,Sanjay Das,2025-09-04,Retail
1783,Neha Bose,2025-09-29,Retail
1784,Rohan Iyer,2025-09-15,Retail
1785,Sunita Patil,2025-09-06,Retail
1786,Sanjay Kapoor,2025-09-16,Corporate
1787,Geeta Reddy,2025-09-26,Retail
1788,Krishna Bose,2025-09-26,Retail
1789,Krishna Das,2025-09-14,Retail
1790,Ananya Yadav,2025-09-20,Direct
1791,Rahul Patel,2025-09-10,Retail
1792,Rahul Kulkarni,2025-09-03,Retail
1793,Meera Sen,2025-09-10,Retail
1794,Shreya Joshi,2025-09-20,Retail
1795,Karan Rao,2025-09-23,Retail
1796,Aditya Bose,2025-09-15,Corporate
1797,Vikram Banerjee,2025-09-28,Direct
1798,Saanvi Deshmukh,2025-09-14,Retail
1799,Sai Gupta,2025-09-26,Retail
1800,Neha Rao,2025-09-22,Corporate
1801,Priya Sharma,2025-10-24,Retail
1802,Suresh Kulkarni,2025-10-05,Retail
1803,Karan Verma,2025-10-26,Retail
1804,Arjun Singh,2025-10-05,Retail
1805,Sanjay Rao,2025-10-25,Retail
1806,Ramesh Verma,2025-10-13,Retail
1807,Kabir Kulkarni,2025-10-20,Direct
1808,Sanjay Rao,2025-10-15,Corporate
1809,Arjun Trivedi,2025-10-15,Retail
1810,Geeta Rao,2025-10-05,Retail
1811,Rahul Deshmukh,2025-10-13,Direct
1812,Prisha Patel,2025-10-09,Corporate
1813,Ananya Mishra,2025-10-01,Retail
1814,Rohan Kapoor,2025-10-17,Corporate
1815,Shaurya Reddy,2025-10-18,Corporate
1816,Aadhya Patil,2025-10-25,Retail
1817,Aanya Banerjee,2025-10-15,Retail
1818,Sunita Kumar,2025-10-10,Retail
1819,Atharva Roy,2025-10-04,Retail
1820,Karan Joshi,2025-10-03,Retail
1821,Karan Gupta,2025-10-29,Corporate
1822,Rahul Kulkarni,2025-10-26,Retail
1823,Arjun Yadav,2025-10-12,Retail
1824,Kiara Grover,2025-10-18,Retail
1825,Priya Patil,2025-10-10,Retail
1826,Ananya Shetty,2025-10-23,Corporate
1827,Rajesh Singh,2025-10-12,Retail
1828,Diya Shetty,2025-10-04,Retail
1829,Prisha Shetty,2025-10-05,Retail
1830,Vihaan Rao,2025-10-16,Retail
1831,Ramesh Rao,2025-10-18,Retail
1832,Lata Mehta,2025-10-15,Retail
1833,Krishna Gupta,2025-10-20,Retail
1834,Neha Patil,2025-10-10,Retail
1835,Anil Pandey,2025-10-24,Retail
1836,Pooja Saxena,2025-10-14,Retail
1837,Arjun Mehta,2025-10-19,Corporate
1838,Arjun Sen,2025-10-11,Retail
1839,Geeta Rao,2025-10-15,Retail
1840,Lata Deshmukh,2025-10-05,Retail
1841,Ananya Pillai,2025-10-19,Retail
1842,Atharva Das,2025-10-31,Retail
1843,Sai Saxena,2025-10-17,Retail
1844,Geeta Mehta,2025-10-04,Direct
1845,Priya Joshi,2025-10-10,Retail
1846,Pihu Rao,2025-10-11,Retail
1847,Geeta Grover,2025-10-31,Retail
1848,Krishna Reddy,2025-10-10,Direct
1849,Lata Reddy,2025-10-07,Retail
1850,Meera Banerjee,2025-10-05,Retail
1851,Krishna Pandey,2025-10-18,Retail
1852,Priya Trivedi,2025-10-21,Retail
1853,Kiran Mehta,2025-10-31,Retail
1854,Rekha Bose,2025-10-06,Corporate
1855,Suresh Iyer,2025-10-29,Retail
1856,Ramesh Verma,2025-10-27,Retail
1857,Vihaan Gupta,2025-10-27,Retail
1858,Ramesh Reddy,2025-10-02,Retail
1859,Aanya Pillai,2025-10-21,Retail
1860,Pooja Banerjee,2025-10-19,Retail
1861,Vihaan Mishra,2025-10-21,Corporate
1862,Vijay Nair,2025-10-29,Retail
1863,Meera Mishra,2025-10-21,Retail
1864,Neha Nair,2025-10-08,Retail
1865,Arjun Patil,2025-10-15,Retail
1866,Priya Sen,2025-10-02,Retail
1867,Anil Sen,2025-10-14,Retail
1868,Amit Banerjee,2025-10-07,Retail
1869,Rahul Roy,2025-10-05,Corporate
1870,Rahul Bose,2025-10-23,Direct
1871,Vikram Choudhury,2025-10-28,Retail
1872,Sanjay Pandey,2025-10-05,Retail
1873,Ishaan Iyer,2025-10-18,Retail
1874,Deepak Patel,2025-10-08,Retail
1875,Karan Singh,2025-10-09,Retail
1876,Ishaan Verma,2025-10-05,Retail
1877,Rohan Roy,2025-10-10,Retail
1878,Pooja Singh,2025-10-20,Retail
1879,Priya Saxena,2025-10-31,Retail
1880,Ramesh Bose,2025-10-11,Retail
1881,Diya Pillai,2025-10-11,Retail
1882,Sunita Pandey,2025-10-06,Retail
1883,Sunita Grover,2025-10-15,Retail
1884,Sunita Sharma,2025-10-10,Retail
1885,Neha Pandey,2025-10-03,Corporate
1886,Prisha Kumar,2025-10-15,Retail
1887,Vikram Verma,2025-10-19,Retail
1888,Kiara Mishra,2025-10-02,Retail
1889,Anil Nair,2025-10-20,Retail
1890,Aarav Roy,2025-10-18,Retail
1891,Shreya Mehta,2025-10-04,Retail
1892,Aadhya Bose,2025-10-29,Corporate
1893,Neha Rao,2025-10-12,Corporate
1894,Neha Verma,2025-10-02,Retail
1895,Lata Kumar,2025-10-19,Retail
1896,Lata Nair,2025-10-12,Retail
1897,Rohan Pandey,2025-10-03,Retail
1898,Lata Reddy,2025-10-15,Corporate
1899,Rekha Kulkarni,2025-10-27,Retail
1900,Shaurya Mehta,2025-10-20,Retail
1901,Neha Rao,2025-10-04,Retail
1902,Amit Yadav,2025-10-26,Retail
1903,Sanjay Pillai,2025-10-31,Retail
1904,Diya Banerjee,2025-10-05,Retail
1905,Neha Pandey,2025-10-17,Retail
1906,Aditya Verma,2025-10-02,Corporate
1907,Amit Shetty,2025-10-05,Corporate
1908,Geeta Sen,2025-10-16,Retail
1909,Suresh Grover,2025-10-05,Retail
1910,Atharva Iyer,2025-10-17,Retail
1911,Rekha Iyer,2025-10-30,Retail
1912,Neha Banerjee,2025-10-06,Retail
1913,Meera Trivedi,2025-10-24,Retail
1914,Rajesh Saxena,2025-10-11,Retail
1915,Vijay Mishra,2025-10-17,Retail
1916,Ramesh Nair,2025-10-23,Retail
1917,Vihaan Rao,2025-10-16,Retail
1918,Shaurya Das,2025-10-11,Direct
1919,Meera Shetty,2025-10-19,Corporate
1920,Vihaan Banerjee,2025-10-29,Retail
1921,Aadhya Deshmukh,2025-10-16,Corporate
1922,Kiran Trivedi,2025-10-26,Retail
1923,Sai Trivedi,2025-10-08,Corporate
1924,Priya Pandey,2025-10-16,Corporate
1925,Rekha Pillai,2025-10-21,Retail
1926,Rohan Mehta,2025-10-27,Retail
1927,Prisha Verma,2025-10-27,Retail
1928,Shaurya Kumar,2025-10-19,Retail
1929,Karan Iyer,2025-10-01,Retail
1930,Kabir Das,2025-10-14,Retail
1931,Aanya Das,2025-10-23,Retail
1932,Rekha Kapoor,2025-10-17,Corporate
1933,Sai Patil,2025-10-16,Direct
1934,Geeta Kumar,2025-10-05,Retail
1935,Rahul Kulkarni,2025-10-18,Retail
1936,Geeta Choudhury,2025-10-16,Retail
1937,Ananya Sen,2025-10-11,Retail
1938,Vijay Iyer,2025-10-30,Corporate
1939,Vikram Kulkarni,2025-10-18,Retail
1940,Aadhya Banerjee,2025-11-24,Retail
1941,Diya Singh,2025-11-16,Retail
1942,Lata Nair,2025-11-09,Retail
1943,Meera Pillai,2025-11-08,Retail
1944,Aanya Patil,2025-11-10,Corporate
1945,Sunita Iyer,2025-11-23,Retail
1946,Vikram Yadav,2025-11-16,Retail
1947,Saanvi Nair,2025-11-30,Retail
1948,Ramesh Kulkarni,2025-11-04,Corporate
1949,Rohan Grover,2025-11-18,Corporate
1950,Vikram Pillai,2025-11-13,Retail
1951,Kabir Nair,2025-11-26,Retail
1952,Kiara Patil,2025-11-02,Retail
1953,Vikram Kapoor,2025-11-03,Retail
1954,Aadhya Bose,2025-11-15,Corporate
1955,Aanya Kumar,2025-11-16,Retail
1956,Vijay Reddy,2025-11-27,Retail
1957,Lata Patil,2025-11-30,Retail
1958,Atharva Patel,2025-11-09,Retail
1959,Kiran Singh,2025-11-20,Retail
1960,Sai Kulkarni,2025-11-08,Retail
1961,Geeta Singh,2025-11-29,Retail
1962,Pihu Verma,2025-11-21,Retail
1963,Pooja Iyer,2025-11-04,Retail
1964,Anil Patel,2025-11-23,Retail
1965,Atharva Sharma,2025-11-22,Retail
1966,Priya Das,2025-11-18,Retail
1967,Anil Mishra,2025-11-21,Retail
1968,Diya Pillai,2025-11-21,Retail
1969,Rahul Nair,2025-11-10,Retail
1970,Sai Kapoor,2025-11-21,Retail
1971,Krishna Deshmukh,2025-11-25,Retail
1972,Pihu Yadav,2025-11-19,Direct
1973,Aditya Kapoor,2025-11-24,Retail
1974,Ananya Das,2025-11-30,Retail
1975,Ananya Kapoor,2025-11-29,Retail
1976,Aditya Saxena,2025-11-30,Retail
1977,Sunita Joshi,2025-11-13,Retail
1978,Kiara Grover,2025-11-30,Retail
1979,Aarav Nair,2025-11-02,Retail
1980,Suresh Patel,2025-11-19,Retail
1981,Amit Nair,2025-11-30,Retail
1982,Vijay Pandey,2025-11-15,Corporate
1983,Atharva Roy,2025-11-16,Retail
1984,Deepak Reddy,2025-11-17,Retail
1985,Shaurya Iyer,2025-11-07,Retail
1986,Deepak Deshmukh,2025-11-06,Retail
1987,Ananya Sharma,2025-11-09,Retail
1988,Amit Shetty,2025-11-24,Retail
1989,Ramesh Kulkarni,2025-11-10,Retail
1990,Diya Joshi,2025-11-25,Corporate
1991,Neha Saxena,2025-11-20,Corporate
1992,Rajesh Iyer,2025-11-14,Retail
1993,Neha Kulkarni,2025-11-03,Retail
1994,Ananya Mehta,2025-11-04,Retail
1995,Rahul Kapoor,2025-11-16,Retail
1996,Aarav Reddy,2025-11-08,Retail
1997,Prisha Sen,2025-11-13,Corporate
1998,Saanvi Iyer,2025-11-25,Retail
1999,Kiran Bose,2025-11-10,Direct
2000,Aarav Reddy,2025-11-19,Retail
2001,Sanjay Patil,2025-11-21,Retail
2002,Sai Kulkarni,2025-11-08,Retail
2003,Deepak Nair,2025-11-04,Corporate
2004,Neha Kulkarni,2025-11-06,Retail
2005,Meera Patil,2025-11-17,Corporate
2006,Kiara Rao,2025-11-04,Retail
2007,Pihu Singh,2025-11-20,Retail
2008,Anil Mehta,2025-11-05,Corporate
2009,Suresh Rao,2025-11-15,Retail
2010,Lata Kapoor,2025-11-14,Retail
2011,Vijay Shetty,2025-11-16,Retail
2012,Aanya Pillai,2025-11-22,Direct
2013,Suresh Roy,2025-11-08,Direct
2014,Krishna Pandey,2025-11-26,Retail
2015,Geeta Patil,2025-11-15,Retail
2016,Arjun Kapoor,2025-11-12,Corporate
2017,Shaurya Verma,2025-11-19,Retail
2018,Lata Grover,2025-11-27,Retail
2019,Diya Trivedi,2025-11-17,Corporate
2020,Kabir Joshi,2025-11-18,Retail
2021,Geeta Sen,2025-11-11,Retail
2022,Aanya Patil,2025-11-04,Retail
2023,Sunita Gupta,2025-11-19,Corporate
2024,Rajesh Sen,2025-11-29,Direct
2025,Sai Sen,2025-11-26,Direct
2026,Rajesh Das,2025-11-05,Retail
2027,Ramesh Verma,2025-11-15,Corporate
2028,Deepak Kulkarni,2025-11-18,Corporate
2029,Meera Bose,2025-11-26,Retail
2030,Neha Reddy,2025-11-01,Corporate
2031,Aarav Bose,2025-11-27,Retail
2032,Kiran Gupta,2025-11-07,Retail
2033,Shreya Rao,2025-11-02,Retail
2034,Arjun Yadav,2025-11-23,Retail
2035,Arjun Kapoor,2025-11-02,Retail
2036,Aditya Nair,2025-11-16,Retail
2037,Ananya Pillai,2025-11-14,Retail
2038,Pooja Rao,2025-11-05,Retail
2039,Rohan Sen,2025-11-29,Retail
2040,Rohan Choudhury,2025-11-28,Retail
2041,Vijay Mehta,2025-11-03,Retail
2042,Vikram Patel,2025-11-21,Corporate
2043,Vijay Choudhury,2025-11-06,Retail
2044,Atharva Bose,2025-11-17,Retail
2045,Aarav Pillai,2025-11-08,Corporate
2046,Meera Sen,2025-11-01,Retail
2047,Vijay Das,2025-11-22,Retail
2048,Rohan Saxena,2025-11-18,Retail
2049,Prisha Sen,2025-11-08,Corporate
2050,Kabir Reddy,2025-11-12,Retail
2051,Shaurya Verma,2025-11-07,Corporate
2052,Pooja Banerjee,2025-11-26,Retail
2053,Vihaan Singh,2025-11-25,Direct
2054,Arjun Patel,2025-11-07,Corporate
2055,Aditya Sen,2025-11-20,Direct
2056,Sai Singh,2025-11-20,Retail
2057,Aditya Choudhury,2025-11-24,Corporate
2058,Pihu Yadav,2025-11-15,Retail
2059,Sai Mehta,2025-11-07,Retail
2060,Kiara Singh,2025-11-17,Retail
2061,Ramesh Iyer,2025-11-27,Corporate
2062,Suresh Pillai,2025-11-19,Direct
2063,Rahul Singh,2025-11-22,Corporate
2064,Kabir Kulkarni,2025-11-10,Retail
2065,Pihu Das,2025-11-17,Retail
2066,Saanvi Verma,2025-11-10,Retail
2067,Kiran Grover,2025-11-18,Retail
2068,Ananya Deshmukh,2025-11-24,Retail
2069,Shreya Yadav,2025-11-22,Retail
2070,Sai Rao,2025-11-16,Retail
2071,Rohan Shetty,2025-11-21,Retail
2072,Rahul Patil,2025-11-17,Retail
2073,Pooja Mehta,2025-11-14,Retail
2074,Rohan Joshi,2025-11-10,Retail
2075,Vijay Mishra,2025-11-25,Direct
2076,Pihu Nair,2025-11-08,Retail
2077,Kabir Shetty,2025-11-28,Retail
2078,Sai Yadav,2025-11-15,Retail
2079,Pooja Yadav,2025-11-14,Retail
2080,Atharva Choudhury,2025-11-17,Direct
2081,Aadhya Kumar,2025-11-08,Corporate
2082,Krishna Kapoor,2025-11-11,Retail
2083,Sanjay Gupta,2025-11-15,Retail
2084,Diya Verma,2025-11-18,Corporate
2085,Rohan Kulkarni,2025-11-09,Direct
2086,Arjun Kumar,2025-12-02,Retail
2087,Kiran Bose,2025-12-26,Retail
2088,Lata Kumar,2025-12-22,Retail
2089,Aanya Roy,2025-12-16,Direct
2090,Amit Nair,2025-12-30,Retail
2091,Aarav Kumar,2025-12-31,Direct
2092,Diya Bose,2025-12-30,Retail
2093,Anil Kapoor,2025-12-04,Retail
2094,Suresh Patil,2025-12-08,Retail
2095,Neha Kapoor,2025-12-07,Retail
2096,Lata Iyer,2025-12-08,Retail
2097,Kiara Choudhury,2025-12-25,Retail
2098,Vijay Deshmukh,2025-12-15,Retail
2099,Meera Reddy,2025-12-12,Corporate
2100,Rajesh Grover,2025-12-12,Retail
2101,Deepak Patel,2025-12-16,Retail
2102,Anil Pillai,2025-12-26,Direct
2103,Rahul Kapoor,2025-12-27,Corporate
2104,Sanjay Iyer,2025-12-07,Corporate
2105,Aditya Trivedi,2025-12-14,Direct
2106,Pihu Bose,2025-12-28,Retail
2107,Vihaan Reddy,2025-12-05,Retail
2108,Kiran Trivedi,2025-12-18,Corporate
2109,Pooja Nair,2025-12-24,Retail
2110,Diya Iyer,2025-12-05,Retail
2111,Rohan Trivedi,2025-12-08,Corporate
2112,Prisha Mishra,2025-12-27,Retail
2113,Amit Reddy,2025-12-18,Retail
2114,Sunita Bose,2025-12-25,Retail
2115,Sunita Sen,2025-12-21,Retail
2116,Vikram Joshi,2025-12-06,Retail
2117,Vijay Mishra,2025-12-05,Retail
2118,Vijay Deshmukh,2025-12-06,Corporate
2119,Sai Pandey,2025-12-31,Retail
2120,Arjun Saxena,2025-12-02,Retail
2121,Sai Pillai,2025-12-22,Corporate
2122,Pooja Mehta,2025-12-01,Direct
2123,Pihu Gupta,2025-12-27,Corporate
2124,Kabir Sharma,2025-12-23,Corporate
2125,Rajesh Sen,2025-12-07,Retail
2126,Sai Banerjee,2025-12-12,Retail
2127,Rekha Kapoor,2025-12-21,Retail
2128,Sunita Sharma,2025-12-16,Retail
2129,Vijay Yadav,2025-12-01,Retail
2130,Aarav Sharma,2025-12-14,Retail
2131,Saanvi Yadav,2025-12-17,Retail
2132,Vihaan Pandey,2025-12-10,Retail
2133,Shreya Shetty,2025-12-27,Retail
2134,Ananya Patel,2025-12-31,Retail
2135,Ishaan Pandey,2025-12-30,Retail
2136,Prisha Kumar,2025-12-05,Retail
2137,Geeta Reddy,2025-12-20,Corporate
2138,Vikram Reddy,2025-12-27,Retail
2139,Neha Gupta,2025-12-26,Retail
2140,Neha Sen,2025-12-12,Retail
2141,Prisha Patil,2025-12-19,Corporate
2142,Meera Kulkarni,2025-12-08,Retail
2143,Krishna Deshmukh,2025-12-27,Retail
2144,Aditya Gupta,2025-12-28,Retail
2145,Rohan Choudhury,2025-12-13,Retail
2146,Anil Verma,2025-12-18,Corporate
2147,Aarav Patil,2025-12-21,Corporate
2148,Krishna Mishra,2025-12-06,Retail
2149,Shreya Deshmukh,2025-12-28,Corporate
2150,Amit Trivedi,2025-12-26,Corporate
2151,Ishaan Grover,2025-12-28,Retail
2152,Aditya Singh,2025-12-17,Corporate
2153,Ramesh Mishra,2025-12-07,Retail
2154,Aditya Kapoor,2025-12-09,Retail
2155,Saanvi Grover,2025-12-03,Retail
2156,Ramesh Kulkarni,2025-12-18,Corporate
2157,Ananya Kapoor,2025-12-02,Retail
2158,Rahul Sharma,2025-12-28,Corporate
2159,Aanya Trivedi,2025-12-31,Corporate
2160,Neha Kapoor,2025-12-05,Retail
2161,Meera Joshi,2025-12-03,Corporate
2162,Prisha Trivedi,2025-12-19,Retail
2163,Rohan Kulkarni,2025-12-27,Retail
2164,Vijay Iyer,2025-12-29,Retail
2165,Atharva Shetty,2025-12-13,Retail
2166,Krishna Pandey,2025-12-23,Corporate
2167,Vikram Verma,2025-12-24,Corporate
2168,Shreya Singh,2025-12-04,Retail
2169,Arjun Iyer,2025-12-27,Retail
2170,Rekha Banerjee,2025-12-20,Retail
2171,Rahul Sharma,2025-12-13,Retail
2172,Saanvi Shetty,2025-12-21,Direct
2173,Sunita Singh,2025-12-15,Retail
2174,Lata Choudhury,2025-12-12,Retail
2175,Ananya Kulkarni,2025-12-14,Retail
2176,Rohan Gupta,2025-12-19,Retail
2177,Prisha Patil,2026-01-10,Corporate
2178,Krishna Reddy,2026-01-03,Retail
2179,Rohan Patil,2026-01-05,Corporate
2180,Kabir Bose,2026-01-26,Retail
2181,Rahul Rao,2026-01-13,Direct
2182,Krishna Sharma,2026-01-04,Retail
2183,Meera Sen,2026-01-31,Retail
2184,Saanvi Patel,2026-01-12,Direct
2185,Krishna Joshi,2026-01-05,Retail
2186,Karan Yadav,2026-01-14,Direct
2187,Rajesh Das,2026-01-18,Retail
2188,Vihaan Gupta,2026-01-04,Retail
2189,Lata Gupta,2026-01-12,Retail
2190,Suresh Shetty,2026-01-20,Retail
2191,Rohan Sharma,2026-01-11,Retail
2192,Pooja Choudhury,2026-01-10,Retail
2193,Krishna Bose,2026-01-25,Retail
2194,Lata Grover,2026-01-29,Retail
2195,Ramesh Pandey,2026-01-08,Retail
2196,Rohan Joshi,2026-01-06,Corporate
2197,Saanvi Nair,2026-01-05,Direct
2198,Sunita Mehta,2026-01-09,Direct
2199,Priya Das,2026-01-03,Retail
2200,Pooja Nair,2026-01-09,Retail
2201,Arjun Rao,2026-01-16,Corporate
2202,Prisha Bose,2026-01-09,Retail
2203,Sunita Banerjee,2026-01-21,Retail
2204,Diya Sen,2026-01-20,Retail
2205,Atharva Nair,2026-01-04,Retail
2206,Neha Iyer,2026-01-01,Corporate
2207,Rekha Choudhury,2026-01-27,Retail
2208,Amit Sen,2026-01-26,Retail
2209,Shreya Saxena,2026-01-11,Retail
2210,Suresh Mehta,2026-01-27,Direct
2211,Rahul Banerjee,2026-01-10,Retail
2212,Diya Mishra,2026-01-31,Retail
2213,Ananya Choudhury,2026-01-11,Retail
2214,Rahul Nair,2026-01-31,Corporate
2215,Sunita Trivedi,2026-01-24,Retail
2216,Prisha Iyer,2026-01-26,Retail
2217,Saanvi Saxena,2026-01-13,Retail
2218,Neha Rao,2026-01-26,Retail
2219,Ramesh Kumar,2026-01-04,Retail
2220,Vijay Joshi,2026-01-19,Retail
2221,Lata Sharma,2026-01-22,Direct
2222,Deepak Patil,2026-01-31,Retail
2223,Karan Shetty,2026-01-07,Retail
2224,Arjun Saxena,2026-01-10,Direct
2225,Pooja Kulkarni,2026-01-28,Retail
2226,Atharva Deshmukh,2026-01-16,Retail
2227,Prisha Reddy,2026-01-10,Retail
2228,Kabir Patil,2026-01-22,Retail
2229,Rohan Gupta,2026-01-14,Direct
2230,Suresh Mishra,2026-01-15,Retail
2231,Neha Yadav,2026-01-19,Corporate
2232,Pooja Yadav,2026-01-17,Retail
2233,Sanjay Patil,2026-01-02,Retail
2234,Vijay Banerjee,2026-01-29,Retail
2235,Krishna Patel,2026-01-21,Retail
2236,Prisha Kulkarni,2026-01-25,Retail
2237,Vikram Joshi,2026-01-22,Corporate
2238,Rekha Verma,2026-01-21,Retail
2239,Neha Pillai,2026-01-19,Direct
2240,Shreya Patel,2026-01-11,Retail
2241,Ishaan Reddy,2026-01-01,Corporate
2242,Rajesh Bose,2026-01-08,Corporate
2243,Lata Trivedi,2026-01-17,Corporate
2244,Ramesh Singh,2026-01-23,Corporate
2245,Sanjay Choudhury,2026-01-15,Corporate
2246,Kiran Patil,2026-01-15,Retail
2247,Kabir Rao,2026-01-17,Retail
2248,Anil Patel,2026-01-01,Retail
2249,Pooja Kapoor,2026-01-10,Corporate
2250,Krishna Patel,2026-01-31,Retail
2251,Kabir Rao,2026-01-27,Corporate
2252,Amit Sen,2026-01-10,Retail
2253,Anil Rao,2026-02-17,Retail
2254,Ishaan Sen,2026-02-16,Retail
2255,Karan Iyer,2026-02-24,Retail
2256,Meera Verma,2026-02-03,Retail
2257,Shaurya Sharma,2026-02-26,Retail
2258,Amit Deshmukh,2026-02-28,Retail
2259,Priya Kapoor,2026-02-04,Retail
2260,Prisha Pandey,2026-02-24,Retail
2261,Lata Joshi,2026-02-06,Retail
2262,Lata Das,2026-02-11,Corporate
2263,Pihu Shetty,2026-02-15,Retail
2264,Ananya Joshi,2026-02-13,Retail
2265,Shreya Choudhury,2026-02-21,Retail
2266,Rekha Grover,2026-02-01,Retail
2267,Karan Trivedi,2026-02-07,Retail
2268,Rohan Sharma,2026-02-14,Retail
2269,Aanya Kumar,2026-02-23,Retail
2270,Arjun Trivedi,2026-02-09,Retail
2271,Vijay Joshi,2026-02-04,Retail
2272,Rahul Kumar,2026-02-12,Corporate
2273,Shaurya Reddy,2026-02-15,Corporate
2274,Sunita Pandey,2026-02-22,Retail
2275,Rahul Banerjee,2026-02-21,Retail
2276,Rekha Choudhury,2026-02-13,Retail
2277,Shaurya Rao,2026-02-19,Retail
2278,Deepak Banerjee,2026-02-12,Direct
2279,Meera Kapoor,2026-02-06,Retail
2280,Kiran Gupta,2026-02-20,Retail
2281,Atharva Iyer,2026-02-22,Retail
2282,Prisha Nair,2026-02-04,Retail
2283,Ananya Rao,2026-02-04,Retail
2284,Kabir Pandey,2026-02-23,Retail
2285,Pooja Banerjee,2026-02-13,Retail
2286,Ramesh Choudhury,2026-02-05,Retail
2287,Ananya Mishra,2026-02-14,Retail
2288,Vijay Patil,2026-02-21,Retail
2289,Ananya Yadav,2026-02-21,Retail
2290,Sunita Nair,2026-02-06,Retail
2291,Ananya Iyer,2026-02-05,Retail
2292,Karan Banerjee,2026-02-27,Retail
2293,Vikram Sharma,2026-02-02,Retail
2294,Atharva Kumar,2026-02-16,Retail
2295,Rohan Yadav,2026-02-27,Corporate
2296,Sunita Das,2026-02-17,Retail
2297,Sunita Das,2026-02-22,Retail
2298,Karan Mishra,2026-02-23,Retail
2299,Krishna Trivedi,2026-02-06,Retail
2300,Pihu Nair,2026-02-01,Retail
2301,Saanvi Singh,2026-02-02,Retail
2302,Kiara Joshi,2026-02-18,Direct
2303,Deepak Trivedi,2026-02-25,Retail
2304,Sunita Yadav,2026-02-24,Retail
2305,Shaurya Trivedi,2026-02-17,Retail
2306,Saanvi Pillai,2026-02-04,Corporate
2307,Sanjay Yadav,2026-02-18,Retail
2308,Aditya Pillai,2026-02-27,Corporate
2309,Karan Yadav,2026-02-24,Retail
2310,Shreya Patel,2026-02-07,Corporate
2311,Prisha Nair,2026-02-24,Retail
2312,Aditya Sen,2026-02-28,Corporate
2313,Vikram Roy,2026-02-09,Retail
2314,Krishna Sen,2026-02-27,Corporate
2315,Shaurya Pillai,2026-02-28,Retail
2316,Prisha Kumar,2026-02-26,Retail
2317,Kiran Patil,2026-02-26,Retail
2318,Rekha Deshmukh,2026-02-12,Retail
2319,Priya Banerjee,2026-02-14,Retail
2320,Aanya Saxena,2026-02-05,Retail
2321,Sai Trivedi,2026-02-07,Retail
2322,Vijay Reddy,2026-02-12,Retail
2323,Vijay Joshi,2026-02-20,Corporate
2324,Kiara Nair,2026-02-11,Retail
2325,Saanvi Roy,2026-02-19,Direct
2326,Ishaan Mehta,2026-02-17,Retail
2327,Pooja Kapoor,2026-02-25,Retail
2328,Saanvi Roy,2026-02-02,Corporate
2329,Atharva Patil,2026-02-21,Retail
2330,Kabir Patil,2026-03-08,Retail
2331,Prisha Pillai,2026-03-11,Retail
2332,Neha Mishra,2026-03-27,Retail
2333,Ramesh Deshmukh,2026-03-05,Retail
2334,Pooja Choudhury,2026-03-09,Direct
2335,Arjun Deshmukh,2026-03-15,Direct
2336,Krishna Choudhury,2026-03-26,Retail
2337,Saanvi Patil,2026-03-17,Retail
2338,Sanjay Sen,2026-03-30,Retail
2339,Sunita Iyer,2026-03-31,Retail
2340,Aarav Roy,2026-03-19,Retail
2341,Krishna Bose,2026-03-25,Retail
2342,Vikram Roy,2026-03-15,Retail
2343,Vijay Choudhury,2026-03-03,Corporate
2344,Shreya Saxena,2026-03-07,Retail
2345,Sunita Reddy,2026-03-07,Retail
2346,Kiara Iyer,2026-03-11,Retail
2347,Ramesh Mehta,2026-03-18,Retail
2348,Sunita Shetty,2026-03-19,Retail
2349,Sai Verma,2026-03-11,Direct
2350,Deepak Sharma,2026-03-04,Retail
2351,Priya Sen,2026-03-04,Corporate
2352,Aarav Das,2026-03-15,Retail
2353,Atharva Grover,2026-03-07,Retail
2354,Meera Joshi,2026-03-21,Retail
2355,Saanvi Gupta,2026-03-28,Retail
2356,Sanjay Reddy,2026-03-21,Corporate
2357,Sanjay Kulkarni,2026-03-03,Corporate
2358,Priya Verma,2026-03-29,Retail
2359,Meera Bose,2026-03-13,Retail
2360,Pihu Das,2026-03-23,Retail
2361,Krishna Patil,2026-03-21,Corporate
2362,Aarav Kumar,2026-03-04,Retail
2363,Arjun Mehta,2026-03-16,Retail
2364,Pihu Pandey,2026-03-19,Retail
2365,Karan Sharma,2026-03-22,Retail
2366,Amit Saxena,2026-03-01,Retail
2367,Shreya Patil,2026-03-04,Retail
2368,Anil Gupta,2026-03-05,Corporate
2369,Rohan Gupta,2026-03-08,Retail
2370,Ishaan Patel,2026-03-24,Retail
2371,Sanjay Grover,2026-03-11,Direct
2372,Atharva Choudhury,2026-03-10,Retail
2373,Atharva Deshmukh,2026-03-25,Corporate
2374,Kabir Gupta,2026-03-22,Retail
2375,Ramesh Sharma,2026-03-17,Retail
2376,Priya Sen,2026-03-20,Corporate
2377,Aanya Deshmukh,2026-03-12,Retail
2378,Kabir Kapoor,2026-03-24,Retail
2379,Rekha Kulkarni,2026-03-14,Retail
2380,Aanya Gupta,2026-03-15,Retail
2381,Ishaan Mehta,2026-03-29,Retail
2382,Shaurya Trivedi,2026-03-25,Retail
2383,Rohan Rao,2026-03-24,Direct
2384,Shreya Iyer,2026-03-31,Retail
2385,Atharva Singh,2026-03-26,Retail
2386,Krishna Singh,2026-03-09,Retail
2387,Suresh Banerjee,2026-03-18,Corporate
2388,Suresh Nair,2026-03-24,Retail
2389,Vihaan Roy,2026-03-25,Direct
2390,Meera Kumar,2026-03-28,Retail
2391,Suresh Pandey,2026-03-17,Retail
2392,Neha Nair,2026-03-07,Retail
2393,Sai Shetty,2026-03-21,Retail
2394,Prisha Mishra,2026-03-29,Retail
2395,Shaurya Singh,2026-03-13,Retail
2396,Suresh Gupta,2026-03-16,Corporate
2397,Aarav Rao,2026-03-17,Retail
2398,Rahul Mehta,2026-03-30,Retail
2399,Ramesh Das,2026-03-13,Retail
2400,Vijay Kulkarni,2026-03-12,Retail
2401,Anil Pillai,2026-03-06,Retail
2402,Vihaan Trivedi,2026-03-03,Retail
2403,Aarav Reddy,2026-03-03,Retail
2404,Aditya Kapoor,2026-03-07,Retail
2405,Neha Pandey,2026-03-02,Retail
2406,Rajesh Pillai,2026-03-10,Retail
2407,Shreya Patil,2026-03-14,Corporate
2408,Krishna Deshmukh,2026-03-13,Corporate
2409,Vijay Banerjee,2026-03-18,Retail
2410,Saanvi Gupta,2026-03-05,Corporate
2411,Krishna Pandey,2026-03-10,Retail
2412,Aanya Shetty,2026-03-30,Retail
2413,Vijay Iyer,2026-03-05,Retail
2414,Kiran Deshmukh,2026-03-13,Retail
2415,Arjun Nair,2026-03-25,Retail
2416,Shreya Bose,2026-03-23,Direct
2417,Prisha Verma,2026-03-31,Retail
2418,Krishna Kapoor,2026-03-08,Retail
2419,Shaurya Sen,2026-03-14,Retail
2420,Suresh Verma,2026-03-20,Direct
2421,Ananya Patel,2026-03-10,Retail
2422,Atharva Patil,2026-03-01,Retail
2423,Priya Mishra,2026-03-01,Retail
2424,Vikram Pandey,2026-03-31,Retail
2425,Aadhya Joshi,2026-03-17,Direct
2426,Atharva Bose,2026-03-12,Direct
2427,Saanvi Bose,2026-03-25,Retail
2428,Shaurya Pillai,2026-03-29,Direct
2429,Vihaan Iyer,2026-03-29,Retail
2430,Shreya Reddy,2026-03-26,Corporate
2431,Arjun Reddy,2026-03-17,Retail
2432,Ramesh Deshmukh,2026-03-23,Retail
2433,Sunita Sen,2026-03-03,Retail
2434,Sanjay Verma,2026-03-17,Retail
2435,Ramesh Joshi,2026-03-16,Retail
2436,Priya Reddy,2026-03-12,Retail
2437,Ishaan Grover,2026-03-25,Retail
2438,Shaurya Singh,2026-03-19,Retail
2439,Rajesh Sharma,2026-03-24,Retail
2440,Aarav Singh,2026-03-02,Retail
2441,Anil Rao,2026-03-02,Direct
2442,Kabir Joshi,2026-03-13,Retail
2443,Aditya Yadav,2026-03-30,Retail
2444,Pooja Singh,2026-04-23,Retail
2445,Prisha Das,2026-04-11,Corporate
2446,Rahul Reddy,2026-04-30,Retail
2447,Arjun Trivedi,2026-04-27,Retail
2448,Shaurya Pandey,2026-04-12,Corporate
2449,Sai Joshi,2026-04-22,Direct
2450,Geeta Verma,2026-04-08,Retail
2451,Arjun Grover,2026-04-13,Retail
2452,Kiara Pillai,2026-04-15,Retail
2453,Meera Iyer,2026-04-28,Corporate
2454,Lata Sen,2026-04-03,Retail
2455,Sanjay Kumar,2026-04-01,Retail
2456,Ramesh Shetty,2026-04-10,Direct
2457,Rekha Singh,2026-04-10,Retail
2458,Sanjay Trivedi,2026-04-15,Retail
2459,Diya Bose,2026-04-16,Retail
2460,Vijay Pillai,2026-04-29,Retail
2461,Prisha Mehta,2026-04-26,Retail
2462,Pooja Sharma,2026-04-01,Retail
2463,Vijay Rao,2026-04-08,Retail
2464,Aarav Iyer,2026-04-21,Retail
2465,Rohan Roy,2026-04-01,Direct
2466,Meera Patel,2026-04-24,Retail
2467,Geeta Singh,2026-04-07,Direct
2468,Sunita Verma,2026-04-14,Retail
2469,Saanvi Gupta,2026-04-05,Corporate
2470,Pihu Grover,2026-04-02,Corporate
2471,Geeta Das,2026-04-28,Retail
2472,Sanjay Sen,2026-04-23,Retail
2473,Krishna Trivedi,2026-04-24,Corporate
2474,Rajesh Mehta,2026-04-04,Retail
2475,Neha Gupta,2026-04-21,Retail
2476,Ramesh Verma,2026-04-19,Retail
2477,Atharva Singh,2026-04-14,Corporate
2478,Aadhya Roy,2026-04-10,Corporate
2479,Neha Patil,2026-04-11,Corporate
2480,Rahul Iyer,2026-04-27,Retail
2481,Saanvi Singh,2026-04-15,Corporate
2482,Diya Mehta,2026-04-03,Retail
2483,Kiran Patel,2026-04-25,Retail
2484,Ishaan Joshi,2026-04-05,Retail
2485,Deepak Iyer,2026-04-15,Retail
2486,Shaurya Yadav,2026-04-14,Retail
2487,Aanya Sen,2026-04-12,Retail
2488,Deepak Reddy,2026-04-10,Retail
2489,Shaurya Gupta,2026-04-28,Retail
2490,Meera Saxena,2026-04-06,Retail
2491,Suresh Verma,2026-04-23,Retail
2492,Rahul Mehta,2026-04-07,Retail
2493,Prisha Rao,2026-04-03,Retail
2494,Rajesh Verma,2026-04-13,Retail
2495,Meera Reddy,2026-04-22,Retail
2496,Ananya Sharma,2026-04-27,Retail
2497,Karan Yadav,2026-04-13,Retail
2498,Lata Singh,2026-04-24,Retail
2499,Deepak Patel,2026-04-04,Retail
2500,Atharva Patel,2026-04-26,Corporate
2501,Sai Saxena,2026-04-01,Retail
2502,Pihu Mehta,2026-04-25,Retail
2503,Neha Rao,2026-04-07,Retail
2504,Krishna Trivedi,2026-04-22,Retail
2505,Aadhya Kapoor,2026-04-19,Retail
2506,Arjun Sharma,2026-04-27,Retail
2507,Diya Grover,2026-04-03,Retail
2508,Karan Shetty,2026-04-21,Retail
2509,Krishna Grover,2026-04-05,Retail
2510,Amit Patel,2026-04-28,Corporate
2511,Deepak Verma,2026-04-02,Corporate
2512,Ramesh Das,2026-04-06,Retail
2513,Neha Mishra,2026-04-27,Direct
2514,Rohan Kulkarni,2026-04-01,Retail
2515,Ananya Rao,2026-04-14,Retail
2516,Ananya Reddy,2026-04-07,Retail
2517,Karan Grover,2026-04-09,Retail
2518,Aditya Banerjee,2026-04-05,Corporate
2519,Rekha Singh,2026-04-20,Retail
2520,Kiara Mishra,2026-04-21,Corporate
2521,Lata Mishra,2026-04-14,Retail
2522,Krishna Reddy,2026-04-02,Direct
2523,Atharva Das,2026-04-13,Retail
2524,Geeta Singh,2026-04-07,Retail
2525,Vijay Shetty,2026-04-21,Retail
2526,Rohan Shetty,2026-04-01,Retail
2527,Vikram Mishra,2026-04-23,Retail
2528,Sunita Rao,2026-04-18,Retail
2529,Ramesh Pandey,2026-04-30,Corporate
2530,Rohan Reddy,2026-04-11,Retail
2531,Vihaan Iyer,2026-04-06,Retail
2532,Pihu Sharma,2026-04-20,Retail
2533,Saanvi Verma,2026-04-29,Retail
2534,Anil Pandey,2026-04-26,Retail
2535,Kiran Singh,2026-04-12,Retail
2536,Ishaan Singh,2026-04-06,Retail
2537,Prisha Reddy,2026-04-22,Retail
2538,Sai Pillai,2026-04-18,Retail
2539,Ramesh Roy,2026-04-08,Retail
2540,Rohan Rao,2026-04-26,Retail
2541,Ananya Joshi,2026-04-30,Retail
2542,Kiran Iyer,2026-04-08,Retail
2543,Vikram Kapoor,2026-04-26,Retail
2544,Vihaan Patil,2026-04-19,Retail
2545,Vikram Trivedi,2026-04-23,Direct
2546,Kabir Trivedi,2026-04-19,Retail
2547,Sunita Yadav,2026-04-07,Corporate
2548,Ananya Mishra,2026-04-10,Retail
2549,Krishna Verma,2026-04-02,Retail
2550,Suresh Singh,2026-04-08,Retail
2551,Geeta Mishra,2026-04-01,Direct
2552,Amit Kapoor,2026-04-01,Retail
2553,Diya Shetty,2026-04-20,Corporate
2554,Amit Patil,2026-04-05,Corporate
2555,Rahul Verma,2026-04-06,Retail
2556,Kabir Trivedi,2026-04-01,Retail
2557,Shaurya Roy,2026-05-05,Retail
2558,Sanjay Gupta,2026-05-17,Retail
2559,Neha Trivedi,2026-05-12,Corporate
2560,Amit Nair,2026-05-04,Corporate
2561,Atharva Joshi,2026-05-11,Retail
2562,Shreya Shetty,2026-05-24,Retail
2563,Sunita Deshmukh,2026-05-21,Corporate
2564,Ananya Patil,2026-05-11,Retail
2565,Lata Patil,2026-05-31,Corporate
2566,Rekha Shetty,2026-05-29,Retail
2567,Pihu Kulkarni,2026-05-12,Retail
2568,Ananya Choudhury,2026-05-19,Retail
2569,Kiara Mehta,2026-05-10,Retail
2570,Aarav Patil,2026-05-06,Retail
2571,Ramesh Choudhury,2026-05-31,Retail
2572,Ramesh Verma,2026-05-28,Retail
2573,Suresh Iyer,2026-05-06,Retail
2574,Rekha Singh,2026-05-30,Corporate
2575,Ramesh Patel,2026-05-21,Retail
2576,Sunita Mehta,2026-05-30,Retail
2577,Arjun Singh,2026-05-11,Retail
2578,Rahul Joshi,2026-05-12,Retail
2579,Krishna Saxena,2026-05-21,Retail
2580,Amit Sen,2026-05-23,Retail
2581,Aadhya Kumar,2026-05-01,Retail
2582,Arjun Rao,2026-05-08,Retail
2583,Ishaan Bose,2026-05-09,Retail
2584,Sai Choudhury,2026-05-01,Retail
2585,Pooja Joshi,2026-05-15,Direct
2586,Pooja Mishra,2026-05-29,Retail
2587,Rohan Rao,2026-05-29,Retail
2588,Rohan Patel,2026-05-18,Retail
2589,Anil Shetty,2026-05-27,Retail
2590,Ramesh Deshmukh,2026-05-28,Retail
2591,Pihu Joshi,2026-05-25,Retail
2592,Arjun Shetty,2026-05-15,Direct
2593,Aditya Nair,2026-05-28,Retail
2594,Rahul Reddy,2026-05-01,Retail
2595,Ishaan Gupta,2026-05-31,Retail
2596,Priya Grover,2026-05-11,Retail
2597,Priya Bose,2026-05-13,Retail
2598,Lata Grover,2026-05-03,Retail
2599,Amit Banerjee,2026-05-03,Retail
2600,Anil Patil,2026-05-20,Corporate
2601,Shreya Deshmukh,2026-05-01,Retail
2602,Suresh Grover,2026-05-06,Retail
2603,Priya Verma,2026-05-14,Retail
2604,Amit Kumar,2026-05-04,Retail
2605,Pooja Patil,2026-05-07,Retail
2606,Vijay Reddy,2026-05-18,Retail
2607,Kiara Nair,2026-05-22,Retail
2608,Ishaan Verma,2026-05-08,Corporate
2609,Ramesh Yadav,2026-05-13,Retail
2610,Sunita Mehta,2026-05-27,Retail
2611,Sanjay Sharma,2026-05-02,Corporate
2612,Krishna Nair,2026-05-14,Retail
2613,Suresh Mishra,2026-05-27,Retail
2614,Ishaan Sharma,2026-05-07,Retail
2615,Priya Deshmukh,2026-05-07,Retail
2616,Krishna Mishra,2026-05-10,Retail
2617,Shaurya Nair,2026-05-28,Direct
2618,Neha Mishra,2026-05-26,Retail
2619,Aadhya Gupta,2026-05-16,Retail
2620,Vijay Choudhury,2026-05-21,Retail
2621,Sanjay Grover,2026-05-06,Retail
2622,Sanjay Joshi,2026-05-13,Retail
2623,Aditya Reddy,2026-05-15,Retail
2624,Deepak Reddy,2026-05-15,Direct
2625,Saanvi Trivedi,2026-05-08,Retail
2626,Kabir Pillai,2026-05-02,Retail
2627,Ishaan Gupta,2026-05-23,Retail
2628,Vikram Shetty,2026-05-22,Retail
2629,Pooja Pillai,2026-05-18,Retail
2630,Pihu Yadav,2026-05-19,Retail
2631,Rohan Saxena,2026-05-02,Corporate
2632,Pooja Yadav,2026-05-17,Retail
2633,Anil Trivedi,2026-05-22,Retail
2634,Prisha Mishra,2026-05-29,Corporate
2635,Krishna Choudhury,2026-05-10,Corporate
2636,Aditya Pandey,2026-05-29,Retail
2637,Geeta Shetty,2026-05-19,Retail
2638,Rekha Mehta,2026-05-19,Retail
2639,Karan Joshi,2026-05-04,Direct
2640,Priya Kumar,2026-05-31,Corporate
2641,Diya Mehta,2026-05-26,Retail
2642,Shreya Gupta,2026-05-02,Corporate
2643,Shreya Kumar,2026-05-22,Retail
2644,Kabir Saxena,2026-05-27,Retail
2645,Aadhya Iyer,2026-05-20,Retail
2646,Arjun Gupta,2026-05-30,Corporate
2647,Lata Choudhury,2026-05-13,Retail
2648,Rahul Roy,2026-05-18,Corporate
2649,Geeta Sen,2026-05-09,Corporate
